school number,District,campus,district2,latitude,longitude,address,grade_span,school_type,feeder
'057905208,'057905,SEAGOVILLE EL,DALLAS ISD,32.6408272,-96.5401077,"304 N Kaufman St, Seagoville, TX 75159",'EE - 05,E,SEAGOVILLE H S
'057905226,'057905,MARTIN WEISS EL,DALLAS ISD,32.6438293,-96.8304291,"8601 Willoughby Blvd, Dallas, TX 75232",'PK - 05,E,DAVID W CARTER HIGH SCHOOL
'057905023,'057905,DAVID W CARTER H S,DALLAS ISD,32.6496811,-96.8485947,"1819 W Wheatland Rd, Dallas, TX 75232",'09 - 12,S,#N/A
'057905175,'057905,UMPHREY LEE ELEMENTARY SCHOOL,DALLAS ISD,32.6528549,-96.8349838,"7808 Racine Dr, Dallas, TX 75232",'EE - 05,E,DAVID W CARTER HIGH SCHOOL
'057905380,'057905,WILMER-HUTCHINS H S,DALLAS ISD,32.6540375,-96.730835,"5520 Langdon Rd, Dallas, TX 75241",'09 - 12,S,#N/A
'057905235,'057905,BIRDIE ALEXANDER EL,DALLAS ISD,32.6559448,-96.847641,"1830 Goldwood Dr, Dallas, TX 75232",'PK - 05,E,DAVID W CARTER HIGH SCHOOL
'057905264,'057905,RONALD E MCNAIR EL,DALLAS ISD,32.6561737,-96.8632736,"3150 Bainbridge Dr, Dallas, TX 75237",'PK - 05,E,DAVID W CARTER HIGH SCHOOL
'057905126,'057905,CENTRAL EL,DALLAS ISD,32.6581993,-96.5376358,"902 Shady Ln, Seagoville, TX 75159",'PK - 05,E,SEAGOVILLE H S
'057905301,'057905,WILMER-HUTCHINS EL,DALLAS ISD,32.6586568,-96.7295142,"7475 J J Lemmon Rd, Dallas, TX 75241",'PK - 05,E,WILMER-HUTCHINS H S
'057905244,'057905,SEAGOVILLE NORTH EL,DALLAS ISD,32.659138,-96.558472,"1906 Seagoville Rd, Seagoville, TX 75159",'PK - 05,E,SEAGOVILLE H S
'057905085,'057905,KATHLYN JOY GILLIAM COLLEGIATE ACADEMY,DALLAS ISD,32.6595268,-96.7913742,"1700 E Camp Wisdom Rd, Dallas, TX 75241",'09 - 12,S,#N/A
'057905354,'057905,KENNEDY-CURRY MIDDLE,DALLAS ISD,32.6617017,-96.7575084,"6605 Sebring Dr, Dallas, TX 75241",'06 - 08,M,WILMER-HUTCHINS H S
'057905155,'057905,C A TATUM JR EL,DALLAS ISD,32.6641855,-96.6571308,"3002 S St Augustine Dr, Dallas, TX 75253",'KG - 05,E,SKYLINE HIGH SCHOOL
'057905213,'057905,T G TERRY ELEMENTARY SCHOOL,DALLAS ISD,32.665554,-96.8301773,"6661 Greenspan Ave, Dallas, TX 75232",'PK - 05,E,DAVID W CARTER HIGH SCHOOL
'057905215,'057905,R L THORNTON ELEMENTARY SCHOOL,DALLAS ISD,32.6740913,-96.7979431,"6011 Old Ox Rd, Dallas, TX 75241",'EE - 05,E,SOUTH OAK CLIFF H S
'057905305,'057905,EBBY HALLIDAY EL,DALLAS ISD,32.6760254,-96.6455329,"10210 Teagarden Rd, Dallas, TX 75217",'PK - 05,E,SEAGOVILLE H S
'057905183,'057905,THOMAS L MARSALIS EL,DALLAS ISD,32.6781731,-96.8133392,"5640 S Marsalis Ave, Dallas, TX 75241",'PK - 05,E,SOUTH OAK CLIFF H S
'057905219,'057905,ADELLE TURNER EL,DALLAS ISD,32.6783714,-96.8423843,"5505 S Polk St, Dallas, TX 75232",'PK - 05,E,DAVID W CARTER HIGH SCHOOL
'057905015,'057905,SEAGOVILLE H S,DALLAS ISD,32.678856,-96.583191,"15920 Seagoville Rd, Dallas, TX 75253",'09 - 12,S,#N/A
'057905142,'057905,J N ERVIN EL SCHOOL,DALLAS ISD,32.6803592,-96.7633282,"3722 Black Oak Dr, Dallas, TX 75241",'PK - 05,E,WILMER-HUTCHINS H S
'057905069,'057905,SEAGOVILLE MIDDLE SCHOOL,DALLAS ISD,32.6823554,-96.5841881,"950 N Woody Rd, Dallas, TX 75253",'06 - 08,M,SEAGOVILLE H S
'057905220,'057905,MARK TWAIN LEADERSHIP VANGUARD,DALLAS ISD,32.6839714,-96.8334274,"724 Green Cove Ln, Dallas, TX 75232",'EE - 05,E,DAVID W CARTER HIGH SCHOOL
'057905167,'057905,KLEBERG EL,DALLAS ISD,32.6843452,-96.6004944,"1450 Edd Rd, Dallas, TX 75253",'EE - 05,E,SEAGOVILLE H S
'057905187,'057905,NANCY MOSELEY EL,DALLAS ISD,32.6894226,-96.6416779,"10400 Rylie Rd, Dallas, TX 75217",'PK - 05,E,H GRADY SPRUCE H S
'057905381,'057905,BARACK OBAMA MALE LEADERSHIP ACA AT BF DARRELL H S,DALLAS ISD,32.6908044,-96.7915209,"4730 S Lancaster Rd, Dallas, TX 75216",'09 - 11,S,#N/A
'057905357,'057905,BARACK OBAMA MALE LEADERSHIP ACA AT BF DARRELL MID,DALLAS ISD,32.6908044,-96.7915209,"4730 S Lancaster Rd, Dallas, TX 75216",'06 - 08,M,Magnet
'057905072,'057905,SARAH ZUMWALT MIDDLE,DALLAS ISD,32.6913109,-96.7825241,"2445 E Ledbetter Dr, Dallas, TX 75216",'06 - 08,M,SOUTH OAK CLIFF H S
'057905003,'057905,A MACEO SMITH NEW TECH H S,DALLAS ISD,32.69186,-96.764893,"3030 Stag Rd, Dallas, TX 75241",'09 - 11,S,#N/A
'057905241,'057905,ELEMENTARY' DISCIPLINARY ALTERNATIVE EDUCATION PRG,DALLAS ISD,32.6924019,-96.8261185,"4949 Village Fair Dr, Dallas, TX 75224",'02 - 05,E,#N/A
'057905029,'057905,SCHOOL COMMUNITY GUIDANCE CENTER,DALLAS ISD,32.6924019,-96.8261185,"4949 Village Fair Dr, Dallas, TX 75224",'09 - 12,S,#N/A
'057905011,'057905,LEARNING ALTERNATIVE CENTER FOR EMPOWERING YOUTH,DALLAS ISD,32.692402,-96.826118,"4949 Village Fair Dr, Dallas, TX 75224",'06 - 08,M,Alternative
'057905066,'057905,HARRY STONE MONTESSORI ACADEMY,DALLAS ISD,32.693428,-96.7838058,"4747 Veterans Dr, Dallas, TX 75216",'06 - 08,M,Magnet
'057905212,'057905,HARRY STONE MONTESSORI ACADEMY (ES),DALLAS ISD,32.693428,-96.7838058,"4747 Veterans Dr, Dallas, TX 75216",'PK - 05,E,Magnet
'057905250,'057905,WHITNEY M YOUNG JR EL,DALLAS ISD,32.6941414,-96.7864075,"4601 Veterans Dr, Dallas, TX 75216",'PK - 05,E,SOUTH OAK CLIFF H S
'057905189,'057905,CLARA OLIVER EL,DALLAS ISD,32.694916,-96.810982,"4010 Idaho Ave, Dallas, TX 75216",'EE - 05,E,SOUTH OAK CLIFF H S
'057905043,'057905,T W BROWNE MIDDLE,DALLAS ISD,32.6955003,-96.8749309,"3333 Sprague Dr, Dallas, TX 75233",'06 - 08,M,JUSTIN F KIMBALL HIGH SCHOOL
'057905121,'057905,JOHN W CARPENTER EL,DALLAS ISD,32.6957436,-96.853035,"2121 Tosca Ln, Dallas, TX 75224",'EE - 05,E,JUSTIN F KIMBALL HIGH SCHOOL
'057905225,'057905,DANIEL WEBSTER EL,DALLAS ISD,32.6967926,-96.8615189,"3815 S Franklin St, Dallas, TX 75233",'EE - 05,E,JUSTIN F KIMBALL HIGH SCHOOL
'057905178,'057905,H I HOLLAND EL AT LISBON,DALLAS ISD,32.6973763,-96.7957916,"4203 S Lancaster Rd, Dallas, TX 75216",'PK - 05,E,SOUTH OAK CLIFF H S
'057905191,'057905,ELISHA M PEASE EL,DALLAS ISD,32.697998,-96.772644,"2914 Cummings St, Dallas, TX 75216",'PK - 05,E,SOUTH OAK CLIFF H S
'057905008,'057905,JUSTIN F KIMBALL H S,DALLAS ISD,32.6982384,-96.8763962,"3606 S Westmoreland Rd, Dallas, TX 75233",'09 - 12,S,#N/A
'057905016,'057905,SOUTH OAK CLIFF H S,DALLAS ISD,32.6995583,-96.8162918,"3601 S Marsalis Ave, Dallas, TX 75216",'09 - 12,S,#N/A
'057905358,'057905,BARBARA M MANNS EDUCATION CENTER,DALLAS ISD,32.704147,-96.824478,"3313 S Beckley Ave, Dallas, TX 75224",'08 - 08,M,Alternative
'057905389,'057905,JOHN LESLIE PATTON JR ACADEMIC CENTER,DALLAS ISD,32.7041473,-96.8244781,"3313 S Beckley Ave, Dallas, TX 75224",'09 - 12,S,#N/A
'057905133,'057905,BARBARA JORDAN EL,DALLAS ISD,32.7065468,-96.8416672,"1111 W Kiest Blvd, Dallas, TX 75224",'PK - 05,E,SOUTH OAK CLIFF H S
'057905277,'057905,THOMAS TOLBERT EL,DALLAS ISD,32.7082634,-96.8717728,"75233, TX",'PK - 05,E,JUSTIN F KIMBALL HIGH SCHOOL
'057905118,'057905,W W BUSHMAN ELEMENTARY SCHOOL,DALLAS ISD,32.708405,-96.773643,"4200 Bonnie View Rd, Dallas, TX 75216",'PK - 05,E,SOUTH OAK CLIFF H S
'057905060,'057905,BOUDE STOREY MIDDLE,DALLAS ISD,32.7085571,-96.812088,"3000 Maryland Ave, Dallas, TX 75216",'06 - 08,M,SOUTH OAK CLIFF H S
'057905109,'057905,W A BLAIR EL,DALLAS ISD,32.7087479,-96.6887207,"7720 Gayglen Dr, Dallas, TX 75217",'EE - 05,E,H GRADY SPRUCE H S
'057905017,'057905,H GRADY SPRUCE H S,DALLAS ISD,32.7105789,-96.6545639,"9733 Seagoville Rd, Dallas, TX 75217",'09 - 12,S,#N/A
'057905114,'057905,JOHN NEELY BRYAN ELEMENTARY SCHOOL,DALLAS ISD,32.711601,-96.795006,"2001 Deer Path Dr, Dallas, TX 75216",'PK - 05,E,FRANKLIN D ROOSEVELT HIGH SCHOOL
'057905137,'057905,JULIUS DORSEY EL,DALLAS ISD,32.7130241,-96.6581573,"133 N St Augustine Dr, Dallas, TX 75217",'PK - 05,E,H GRADY SPRUCE H S
'057905266,'057905,FREDERICK DOUGLASS EL,DALLAS ISD,32.7156067,-96.6976852,"226 N Jim Miller Rd, Dallas, TX 75217",'EE - 05,E,H GRADY SPRUCE H S
'057905210,'057905,LESLIE A STEMMONS EL,DALLAS ISD,32.7156601,-96.9015198,"2727 Knoxville St, Dallas, TX 75211",'PK - 05,E,JUSTIN F KIMBALL HIGH SCHOOL
'057905051,'057905,OLIVER WENDELL HOLMES HUMANITIES/COMMUNICATIONS,DALLAS ISD,32.7161369,-96.7912064,"2001 E Kiest Blvd, Dallas, TX 75216",'06 - 08,M,FRANKLIN D ROOSEVELT HIGH SCHOOL
'057905276,'057905,GILBERT CUELLAR SR EL,DALLAS ISD,32.7170792,-96.6431046,"337 Pleasant Vista Dr, Dallas, TX 75217",'PK - 05,E,H GRADY SPRUCE H S
'057905117,'057905,RUFUS C BURLESON EL,DALLAS ISD,32.7187233,-96.7131882,"6300 Elam Rd, Dallas, TX 75217",'PK - 05,E,H GRADY SPRUCE H S
'057905045,'057905,E B COMSTOCK MIDDLE,DALLAS ISD,32.7210503,-96.7021255,"7044 Hodde St, Dallas, TX 75217",'06 - 08,M,H GRADY SPRUCE H S
'057905263,'057905,J P STARKS ELEMENTARY SCHOOL,DALLAS ISD,32.7217674,-96.7740707,"3033 Tips Blvd, Dallas, TX 75216",'PK - 05,E,FRANKLIN D ROOSEVELT HIGH SCHOOL
'057905115,'057905,HARRELL BUDD EL,DALLAS ISD,32.722065,-96.8151474,"2121 S Marsalis Ave, Dallas, TX 75216",'PK - 05,E,FRANKLIN D ROOSEVELT HIGH SCHOOL
'057905149,'057905,LENORE KIRK HALL EL,DALLAS ISD,32.7221642,-96.8807678,"2120 Keats Dr, Dallas, TX 75211",'EE - 05,E,JUSTIN F KIMBALL HIGH SCHOOL
'057905180,'057905,B H MACON EL,DALLAS ISD,32.7222786,-96.6728668,"650 Holcomb Rd, Dallas, TX 75217",'EE - 05,E,H GRADY SPRUCE H S
'057905104,'057905,WILLIAM M ANDERSON EL,DALLAS ISD,32.7222939,-96.6555939,"620 N St Augustine Rd, Dallas, TX 75217",'PK - 05,E,H GRADY SPRUCE H S
'057905005,'057905,MOISES E MOLINA H S,DALLAS ISD,32.722702,-96.9103622,"2355 Duncanville Rd, Dallas, TX 75211",'09 - 12,S,#N/A
'057905059,'057905,L V STOCKARD MIDDLE,DALLAS ISD,32.7228012,-96.8671799,"2300 S Ravinia Dr, Dallas, TX 75211",'06 - 08,M,MOISES E MOLINA H S
'057905152,'057905,MARGARET B HENDERSON EL,DALLAS ISD,32.7238617,-96.8433075,"2200 S Edgefield Ave, Dallas, TX 75224",'PK - 05,E,JUSTIN F KIMBALL HIGH SCHOOL
'057905088,'057905,TRINIDAD GARZA EARLY COLLEGE AT MT VIEW,DALLAS ISD,32.7253494,-96.9046249,"4849 W Illinois Ave, Dallas, TX 75211",'09 - 12,S,#N/A
'057905352,'057905,BALCH SPRINGS MIDDLE,DALLAS ISD,32.7255222,-96.6391781,"710 Cheyenne Rd, Dallas, TX 75217",'06 - 08,M,H GRADY SPRUCE H S
'057905274,'057905,MARY MCLEOD BETHUNE EL,DALLAS ISD,32.7265511,-96.9097824,"1665 Duncanville Rd, Dallas, TX 75211",'PK - 05,E,MOISES E MOLINA H S
'057905130,'057905,LEILA P COWART EL,DALLAS ISD,32.7280045,-96.8699265,"1515 S Ravinia Dr, Dallas, TX 75211",'EE - 05,E,MOISES E MOLINA H S
'057905136,'057905,L O DONALD EL,DALLAS ISD,32.7325096,-96.8864517,"1218 Phinney Ave, Dallas, TX 75211",'PK - 05,E,JUSTIN F KIMBALL HIGH SCHOOL
'057905239,'057905,ARTURO SALAZAR EL,DALLAS ISD,32.7328186,-96.8680267,"1120 S Ravinia Dr, Dallas, TX 75211",'PK - 05,E,MOISES E MOLINA H S
'057905186,'057905,ROGER Q MILLS EL,DALLAS ISD,32.7328758,-96.8023224,"1515 Lynn Haven Ave, Dallas, TX 75216",'PK - 05,E,FRANKLIN D ROOSEVELT HIGH SCHOOL
'057905234,'057905,HENRY B GONZALEZ EL,DALLAS ISD,32.7342354,-96.7063279,"6610 Lake June Rd, Dallas, TX 75217",'PK - 05,E,H GRADY SPRUCE H S
'057905229,'057905,WINNETKA EL SCHOOL,DALLAS ISD,32.7343941,-96.8451767,"1151 S Edgefield Ave, Dallas, TX 75208",'PK - 05,E,SUNSET HIGH SCHOOL
'057905101,'057905,JOHN Q ADAMS EL,DALLAS ISD,32.7351151,-96.6797867,"8239 Lake June Rd, Dallas, TX 75217",'PK - 05,E,W W SAMUELL H S
'057905236,'057905,NANCY J COCHRAN EL,DALLAS ISD,32.7354851,-96.925209,"6000 Keeneland Pkwy, Dallas, TX 75211",'EE - 05,E,MOISES E MOLINA H S
'057905287,'057905,CELESTINO MAURICIO SOTO JR EL,DALLAS ISD,32.7359238,-96.8951416,"4510 W Jefferson Blvd, Dallas, TX 75211",'PK - 05,E,MOISES E MOLINA H S
'057905163,'057905,ALBERT SIDNEY JOHNSTON ELEMENTARY SCHOOL,DALLAS ISD,32.737465,-96.792953,"2020 Mouser St, Dallas, TX 75203",'EE - 05,E,FRANKLIN D ROOSEVELT HIGH SCHOOL
'057905192,'057905,JOHN F PEELER EL,DALLAS ISD,32.73806,-96.8311768,"810 S Llewellyn Ave, Dallas, TX 75208",'EE - 05,E,W H ADAMSON HIGH SCHOOL
'057905273,'057905,PLEASANT GROVE ELEMENTARY SCHOOL,DALLAS ISD,32.7384644,-96.6556625,"1614 N St Augustine Dr, Dallas, TX 75217",'PK - 05,E,W W SAMUELL H S
'057905161,'057905,JOHN IRELAND EL,DALLAS ISD,32.7395477,-96.7014008,"1515 N Jim Miller Rd, Dallas, TX 75217",'PK - 05,E,W W SAMUELL H S
'057905049,'057905,W E GREINER EXPLORATORY ARTS ACADEMY,DALLAS ISD,32.739975,-96.844948,"501 S Edgefield Ave, Dallas, TX 75208",'06 - 08,M,SUNSET HIGH SCHOOL
'057905237,'057905,JOHN W RUNYON EL,DALLAS ISD,32.7404404,-96.6410446,"10750 Cradlerock Dr, Dallas, TX 75217",'PK - 05,E,W W SAMUELL H S
'057905158,'057905,LIDA HOOE EL,DALLAS ISD,32.7407608,-96.8579865,"2419 Gladstone Dr, Dallas, TX 75211",'PK - 05,E,SUNSET HIGH SCHOOL
'057905046,'057905,FRED F FLORENCE MIDDLE,DALLAS ISD,32.741497,-96.650177,"1625 N Masters Dr, Dallas, TX 75217",'06 - 08,M,W W SAMUELL H S
'057905156,'057905,NATHANIEL HAWTHORNE EL,DALLAS ISD,32.7421265,-96.6888351,"7800 Umphress Rd, Dallas, TX 75217",'EE - 05,E,W W SAMUELL H S
'057905013,'057905,FRANKLIN D ROOSEVELT H S,DALLAS ISD,32.7422867,-96.7968826,"525 Bonnie View Rd, Dallas, TX 75203",'09 - 12,S,#N/A
'057905190,'057905,GEORGE PEABODY EL,DALLAS ISD,32.7428627,-96.8724594,"3101 Raydell Pl, Dallas, TX 75211",'PK - 05,E,SUNSET HIGH SCHOOL
'057905164,'057905,ANSON JONES EL,DALLAS ISD,32.7429237,-96.884552,"3901 Meredith Ave, Dallas, TX 75211",'EE - 05,E,SUNSET HIGH SCHOOL
'057905289,'057905,FELIX G BOTELLO EL,DALLAS ISD,32.7455368,-96.8169022,"225 S Marsalis Ave, Dallas, TX 75203",'PK - 05,E,W H ADAMSON HIGH SCHOOL
'057905018,'057905,SUNSET H S,DALLAS ISD,32.74617,-96.854355,"2120 W Jefferson Blvd, Dallas, TX 75208",'09 - 12,S,#N/A
'057905197,'057905,JOHN H REAGAN ELEMENTARY SCHOOL,DALLAS ISD,32.7468338,-96.8311462,"201 N Adams Ave, Dallas, TX 75208",'EE - 05,E,W H ADAMSON HIGH SCHOOL
'057905014,'057905,W W SAMUELL H S,DALLAS ISD,32.7471046,-96.6677246,"8928 Palisade Dr, Dallas, TX 75217",'09 - 12,S,#N/A
'057905002,'057905,W H ADAMSON H S,DALLAS ISD,32.7476463,-96.821991,"201 E 9th St, Dallas, TX 75203",'09 - 12,S,#N/A
'057905077,'057905,HECTOR P GARCIA MIDDLE SCHOOL,DALLAS ISD,32.749855,-96.8138504,"700 E 8th St, Dallas, TX 75203",'06 - 08,M,W H ADAMSON HIGH SCHOOL
'057905275,'057905,LOUISE WOLFF KAHN EL,DALLAS ISD,32.7513046,-96.8598404,"610 N Franklin St, Dallas, TX 75211",'PK - 05,E,SUNSET HIGH SCHOOL
'057905204,'057905,ROSEMONT ELEMENTARY SCHOOL,DALLAS ISD,32.7516708,-96.8473511,"719 N Montclair Ave, Dallas, TX 75208",'03 - 05,E,SUNSET HIGH SCHOOL
'057905359,'057905,ROSEMONT MIDDLE,DALLAS ISD,32.7516708,-96.8473511,"719 N Montclair Ave, Dallas, TX 75208",'06 - 07,M,SUNSET HIGH SCHOOL
'057905110,'057905,ANNIE WEBB BLANTON EL,DALLAS ISD,32.751904,-96.668694,"8915 Greenmound Ave, Dallas, TX 75227",'EE - 05,E,W W SAMUELL H S
'057905112,'057905,JAMES BOWIE EL,DALLAS ISD,32.752243,-96.8148575,"330 N Marsalis Ave, Dallas, TX 75203",'EE - 05,E,W H ADAMSON HIGH SCHOOL
'057905288,'057905,ROSEMONT PRI SCHOOL-CHRIS V SEMOS CAMPUS,DALLAS ISD,32.7526817,-96.8497543,"1919 Stevens Forest Dr, Dallas, TX 75208",'EE - 02,E,#N/A
'057905038,'057905,JUDGE BAREFOOT SANDERS LAW MAGNET,DALLAS ISD,32.7528915,-96.8070679,"1201 E 8th St, Dallas, TX 75203",'09 - 12,S,#N/A
'057905037,'057905,ROSIE SORRELLS EDUCATION AND SOCIAL SERVICES H S,DALLAS ISD,32.7528915,-96.8070679,"1201 E 8th St, Dallas, TX 75203",'09 - 12,S,#N/A
'057905033,'057905,SCHOOL OF BUSINESS AND MANAGEMENT,DALLAS ISD,32.7528915,-96.8070679,"1201 E 8th St, Dallas, TX 75203",'09 - 12,S,#N/A
'057905039,'057905,SCHOOL FOR THE TALENTED AND GIFTED,DALLAS ISD,32.7528915,-96.8070679,"1201 E 8th St, Dallas, TX 75203",'09 - 12,S,#N/A
'057905026,'057905,SCHOOL OF SCIENCE AND ENGINEERING,DALLAS ISD,32.752892,-96.807068,"1201 E 8th St, Dallas, TX 75203",'09 - 12,S,#N/A
'057905216,'057905,EDWARD TITCHE EL,DALLAS ISD,32.7547607,-96.6585617,"9560 Highfield Dr, Dallas, TX 75227",'PK - 05,E,W W SAMUELL H S
'057905009,'057905,LINCOLN HUMANITIES/COMMUNICATIONS MAGNET HIGH SCH,DALLAS ISD,32.7564659,-96.7518845,"2826 Hatcher St, Dallas, TX 75215",'09 - 12,S,#N/A
'057905201,'057905,CHARLES RICE LEARNING CENTER,DALLAS ISD,32.7564888,-96.7621231,"2425 Pine St, Dallas, TX 75215",'PK - 05,E,LINCOLN HUMANITIES/COMMUNICATIONS
'057905157,'057905,JAMES S HOGG ELEMENTARY SCHOOL,DALLAS ISD,32.7568474,-96.8250732,"1144 N Madison Ave, Dallas, TX 75208",'PK - 05,E,#N/A
'057905207,'057905,SAN JACINTO EL,DALLAS ISD,32.7569618,-96.6859512,"7900 Hume Dr, Dallas, TX 75227",'EE - 05,E,W W SAMUELL H S
'057905052,'057905,JOHN B HOOD MIDDLE,DALLAS ISD,32.7584229,-96.6899796,"7625 Hume Dr, Dallas, TX 75227",'06 - 08,M,W W SAMUELL H S
'057905105,'057905,ARCADIA PARK EL,DALLAS ISD,32.7593155,-96.9105301,"1300 N Justin Ave, Dallas, TX 75211",'PK - 05,E,L G PINKSTON HIGH SCHOOL
'057905128,'057905,MARTIN LUTHER KING JR LEARNING CENTER,DALLAS ISD,32.7608528,-96.7729721,"1817 Warren Ave, Dallas, TX 75215",'PK - 05,E,JAMES MADISON HIGH SCHOOL
'057905211,'057905,STEVENS PARK EL,DALLAS ISD,32.761906,-96.865257,"2615 W Colorado Blvd, Dallas, TX 75211",'PK - 05,E,L G PINKSTON HIGH SCHOOL
'057905200,'057905,JOSEPH J RHOADS LEARNING CENTER,DALLAS ISD,32.76342,-96.748726,"4401 S 2nd Ave, Dallas, TX 75210",'PK - 05,E,LINCOLN HUMANITIES/COMMUNICATIONS
'057905068,'057905,RAUL QUINTANILLA SR MIDDLE,DALLAS ISD,32.764024,-96.8660413,"2700 Remond Dr, Dallas, TX 75211",'06 - 08,M,SUNSET HIGH SCHOOL
'057905035,'057905,IRMA LERMA RANGEL YOUNG WOMEN'S LEADERSHIP SCHOOL,DALLAS ISD,32.764492,-96.7363052,"75210, TX",'09 - 12,S,#N/A
'057905209,'057905,ASCHER SILBERSTEIN EL,DALLAS ISD,32.7672043,-96.7205353,"5940 Hollis Ave, Dallas, TX 75227",'PK - 05,E,SKYLINE HIGH SCHOOL
'057905173,'057905,SIDNEY LANIER EXPRESSIVE ARTS VANGUARD,DALLAS ISD,32.7680054,-96.8441849,"1400 Walmsley Ave, Dallas, TX 75208",'PK - 05,E,L G PINKSTON HIGH SCHOOL
'057905247,'057905,ADELFA BOTELLO CALLEJO EL,DALLAS ISD,32.770419,-96.6865144,"7817 Military Pkwy, Dallas, TX 75227",'EE - 05,E,SKYLINE HIGH SCHOOL
'057905032,'057905,JAMES MADISON H S,DALLAS ISD,32.7706375,-96.7641068,"3000 Martin Luther King Jr Blvd, Dallas, TX 75215",'09 - 12,S,#N/A
'057905096,'057905,JUVENILE JUSTICE AEP,DALLAS ISD,32.7713652,-96.8683252,"1673 Terre Colony Ct, Dallas, TX 75212",'06 - 12,B,#N/A
'057905353,'057905,ANN RICHARDS MIDDLE,DALLAS ISD,32.7714604,-96.6655268,"3831 N Prairie Creek Rd, Dallas, TX 75227",'06 - 08,M,SKYLINE HIGH SCHOOL
'057905062,'057905,BILLY EARL DADE MIDDLE,DALLAS ISD,32.7717819,-96.7704849,"2801 Park Row Ave, Dallas, TX 75215",'06 - 08,M,JAMES MADISON HIGH SCHOOL
'057905272,'057905,MARIA MORENO EL,DALLAS ISD,32.771972,-96.8567462,"2115 N Hampton Rd, Dallas, TX 75208",'PK - 05,E,JUSTIN F KIMBALL HIGH SCHOOL
'057905356,'057905,IRMA RANGEL YOUNG WOMENS LEADERSHIP MIDDLE,DALLAS ISD,32.7731972,-96.7593384,"1718 Robert B Cullum Blvd, Dallas, TX 75210",'06 - 08,M,Magnet
'057905222,'057905,URBAN PARK EL SCHOOL,DALLAS ISD,32.7739143,-96.701683,"6901 Military Pkwy, Dallas, TX 75227",'PK - 05,E,SKYLINE HIGH SCHOOL
'057905139,'057905,PAUL L DUNBAR LEARNING CENTER,DALLAS ISD,32.774826,-96.7492065,"4200 Metropolitan Ave, Dallas, TX 75210",'EE - 05,E,JAMES MADISON HIGH SCHOOL
'057905099,'057905,HOSPITAL/HOMEBOUND,DALLAS ISD,32.775238,-96.7934265,"912 S Ervay St, Dallas, TX 75201",'EE - 12,B,Alternative
'057905074,'057905,THOMAS A EDISON MIDDLE LEARNING CENTER,DALLAS ISD,32.7779732,-96.868515,"2940 Singleton Blvd, Dallas, TX 75212",'06 - 08,M,L G PINKSTON HIGH SCHOOL
'057905172,'057905,JIMMIE TYLER BRASHEAR EL,DALLAS ISD,32.7782424,-96.856669,"2959 N Hampton Rd, Dallas, TX 75212",'PK - 05,E,JUSTIN F KIMBALL HIGH SCHOOL
'057905090,'057905,DR WRIGHT L LASSITER JR EARLY COLLEGE H S,DALLAS ISD,32.780239,-96.806076,"701 Elm St, Dallas, TX 75202",'09 - 12,S,#N/A
'057905025,'057905,SKYLINE H S,DALLAS ISD,32.78051,-96.690453,"7777 Forney Rd, Dallas, TX 75227",'09 - 12,S,#N/A
'057905260,'057905,LORENZO DE ZAVALA EL,DALLAS ISD,32.7810173,-96.8389969,"3214 N Winnetka Ave, Dallas, TX 75212",'PK - 05,E,L G PINKSTON HIGH SCHOOL
'057905012,'057905,L G PINKSTON H S,DALLAS ISD,32.7811279,-96.858551,"2200 Dennison St, Dallas, TX 75212",'09 - 12,S,#N/A
'057905103,'057905,GABE P ALLEN CHARTER SCHOOL,DALLAS ISD,32.7815132,-96.9075623,"5220 Nomas St, Dallas, TX 75212",'PK - 05,E,L G PINKSTON HIGH SCHOOL
'057905140,'057905,AMELIA EARHART LEARNING CENTER,DALLAS ISD,32.7850456,-96.8753815,"3531 N Westmoreland Rd, Dallas, TX 75212",'PK - 05,E,#N/A
'057905232,'057905,EDNA ROWE EL,DALLAS ISD,32.7854195,-96.7067337,"4918 Hovenkamp Dr, Dallas, TX 75227",'PK - 05,E,SKYLINE HIGH SCHOOL
'057905124,'057905,GEORGE W CARVER CREATIVE ARTS LEARNING CENTER,DALLAS ISD,32.7867584,-96.8654099,"3719 Greenleaf St, Dallas, TX 75212",'PK - 05,E,L G PINKSTON HIGH SCHOOL
'057905071,'057905,DALLAS ENVIRONMENTAL SCIENCE ACADEMY,DALLAS ISD,32.7874343,-96.8641893,"3635 Greenleaf St, Dallas, TX 75212",'06 - 08,M,Magnet
'057905265,'057905,ELADIO R MARTINEZ LEARNING CENTER,DALLAS ISD,32.7878078,-96.89434,"4500 Bernal Dr, Dallas, TX 75212",'PK - 05,E,L G PINKSTON HIGH SCHOOL
'057905122,'057905,C F CARR EL,DALLAS ISD,32.787872,-96.852737,"1952 Bayside St, Dallas, TX 75212",'EE - 05,E,L G PINKSTON HIGH SCHOOL
'057905034,'057905,BOOKER T WASHINGTON SPVA MAGNET,DALLAS ISD,32.7916603,-96.7970047,"2501 Flora St, Dallas, TX 75201",'09 - 12,S,#N/A
'057905131,'057905,IGNACIO ZARAGOZA EL,DALLAS ISD,32.795155,-96.770851,"4550 Worth St, Dallas, TX 75246",'EE - 05,E,NORTH DALLAS HIGH SCHOOL
'057905188,'057905,MOUNT AUBURN EL,DALLAS ISD,32.7958298,-96.7440262,"6012 E Grand Ave, Dallas, TX 75223",'PK - 03,E,WOODROW WILSON HIGH SCHOOL
'057905108,'057905,BAYLES EL,DALLAS ISD,32.8008385,-96.7068863,"2444 Telegraph Ave, Dallas, TX 75228",'PK - 05,E,BRYAN ADAMS HIGH SCHOOL
'057905196,'057905,J W RAY LEARNING CENTER,DALLAS ISD,32.8015213,-96.7893066,"2211 Caddo St, Dallas, TX 75204",'PK - 05,E,NORTH DALLAS HIGH SCHOOL
'057905217,'057905,WILLIAM B TRAVIS ACDMY/VNGRD FOR ACADEMICALLY TAG,DALLAS ISD,32.801601,-96.801582,"3001 McKinney Ave, Dallas, TX 75204",'04 - 05,E,Magnet
'057905057,'057905,WILLIAM B TRAVIS ACAD/VANGRD FOR ACADEMICALLY TAG,DALLAS ISD,32.8016014,-96.8015823,"3001 McKinney Ave, Dallas, TX 75204",'06 - 08,M,Magnet
'057905076,'057905,HAROLD WENDELL LANG SR MIDDLE,DALLAS ISD,32.801762,-96.686729,"1678 Chenault St, Dallas, TX 75228",'06 - 08,M,SKYLINE HIGH SCHOOL
'057905281,'057905,CESAR CHAVEZ LEARNING CENTER,DALLAS ISD,32.8037224,-96.7805252,"1710 N Carroll Ave, Dallas, TX 75204",'EE - 05,E,NORTH DALLAS HIGH SCHOOL
'057905022,'057905,WOODROW WILSON H S,DALLAS ISD,32.8047996,-96.7506849,"100 S Glasgow Dr, Dallas, TX 75214",'09 - 12,S,#N/A
'057905270,'057905,EDUARDO MATA EL,DALLAS ISD,32.8063431,-96.7315979,"7420 La Vista Dr, Dallas, TX 75214",'04 - 05,E,WOODROW WILSON HIGH SCHOOL
'057905202,'057905,ORAN M ROBERTS EL,DALLAS ISD,32.8063431,-96.7315979,"7420 La Vista Dr, Dallas, TX 75214",'PK - 05,E,#N/A
'057905177,'057905,WILLIAM LIPSCOMB EL,DALLAS ISD,32.807163,-96.757019,"5801 Worth St, Dallas, TX 75214",'PK - 05,E,WOODROW WILSON HIGH SCHOOL
'057905053,'057905,J L LONG MIDDLE,DALLAS ISD,32.807251,-96.7499084,"6116 Reiger Ave, Dallas, TX 75214",'06 - 08,M,WOODROW WILSON HIGH SCHOOL
'057905058,'057905,ALEX W SPENCE TALENTED/GIFTED ACADEMY,DALLAS ISD,32.807827,-96.7879944,"4001 Capitol Ave, Dallas, TX 75204",'06 - 08,M,NORTH DALLAS HIGH SCHOOL
'057905030,'057905,MAYA ANGELOU H S,DALLAS ISD,32.8079338,-96.7840729,"4528 Rusk Ave, Dallas, TX 75204",'07 - 11,S,#N/A
'057905283,'057905,ESPERANZA MEDRANO EL,DALLAS ISD,32.807976,-96.82658,"2221 Lucas Dr, Dallas, TX 75219",'EE - 05,E,NORTH DALLAS HIGH SCHOOL
'057905129,'057905,S S CONNER EL,DALLAS ISD,32.8082428,-96.6947479,"3037 Greenmeadow Dr, Dallas, TX 75228",'EE - 05,E,SKYLINE HIGH SCHOOL
'057905268,'057905,JOHN F KENNEDY LEARNING CENTER,DALLAS ISD,32.8093339,-96.7747718,"1803 Moser Ave, Dallas, TX 75206",'PK - 05,E,NORTH DALLAS HIGH SCHOOL
'057905160,'057905,SAM HOUSTON EL,DALLAS ISD,32.8101349,-96.8133469,"2827 Throckmorton St, Dallas, TX 75219",'PK - 05,E,NORTH DALLAS HIGH SCHOOL
'057905024,'057905,NORTH DALLAS H S,DALLAS ISD,32.8111305,-96.794548,"3120 N Haskell Ave, Dallas, TX 75204",'09 - 12,S,#N/A
'057905206,'057905,ALEX SANGER EL,DALLAS ISD,32.8134613,-96.709465,"8410 San Leandro Dr, Dallas, TX 75218",'PK - 05,E,BRYAN ADAMS HIGH SCHOOL
'057905184,'057905,BEN MILAM EL,DALLAS ISD,32.8163757,-96.7901306,"4200 McKinney Ave, Dallas, TX 75205",'PK - 05,E,NORTH DALLAS HIGH SCHOOL
'057905218,'057905,GEORGE W TRUETT EL,DALLAS ISD,32.816429,-96.683495,"1811 Gross Rd, Dallas, TX 75228",'PK - 05,E,SKYLINE HIGH SCHOOL
'057905269,'057905,ONESIMO HERNANDEZ EL,DALLAS ISD,32.8197708,-96.8364182,"5555 Maple Ave, Dallas, TX 75235",'PK - 05,E,NORTH DALLAS HIGH SCHOOL
'057905174,'057905,ROBERT E LEE EL,DALLAS ISD,32.8241577,-96.766861,"2911 Delmar Ave, Dallas, TX 75206",'EE - 05,E,WOODROW WILSON HIGH SCHOOL
'057905048,'057905,W H GASTON MIDDLE,DALLAS ISD,32.8247681,-96.6941147,"9565 Mercer Dr, Dallas, TX 75228",'06 - 08,M,BRYAN ADAMS HIGH SCHOOL
'057905171,'057905,LAKEWOOD EL,DALLAS ISD,32.8256989,-96.7433929,"3000 Hillbrook St, Dallas, TX 75214",'PK - 05,E,WOODROW WILSON HIGH SCHOOL
'057905181,'057905,MAPLE LAWN EL,DALLAS ISD,32.8258858,-96.8298645,"3120 Inwood Rd, Dallas, TX 75235",'PK - 05,E,NORTH DALLAS HIGH SCHOOL
'057905166,'057905,EDWIN J KIEST EL,DALLAS ISD,32.8259163,-96.6697311,"2611 Healey Dr, Dallas, TX 75228",'EE - 05,E,BRYAN ADAMS HIGH SCHOOL
'057905001,'057905,BRYAN ADAMS H S,DALLAS ISD,32.8275909,-96.6809158,"2101 Millmar Dr, Dallas, TX 75228",'09 - 12,S,#N/A
'057905154,'057905,LARRY G SMITH EL,DALLAS ISD,32.8330154,-96.6592865,"5299 Gus Thomasson Rd, Mesquite, TX 75150",'EE - 05,E,BRYAN ADAMS HIGH SCHOOL
'057905162,'057905,STONEWALL JACKSON ELEMENTARY SCHOOL,DALLAS ISD,32.8356247,-96.7673416,"5828 E Mockingbird Ln, Dallas, TX 75206",'KG - 05,E,WOODROW WILSON HIGH SCHOOL
'057905199,'057905,REINHARDT ELEMENTARY SCHOOL,DALLAS ISD,32.8366089,-96.6909561,"10122 Losa Dr, Dallas, TX 75218",'PK - 05,E,BRYAN ADAMS HIGH SCHOOL
'057905168,'057905,OBADIAH KNIGHT ELEMENTARY SCHOOL,DALLAS ISD,32.8368645,-96.8518143,"2615 Anson Rd, Dallas, TX 75235",'PK - 05,E,THOMAS JEFFERSON H S
'057905194,'057905,K B POLK CENTER FOR ACADEMICALLY TALENTED & GIFTED,DALLAS ISD,32.8411484,-96.8316879,"6911 Victoria Ave, Dallas, TX 75209",'EE - 05,E,THOMAS JEFFERSON H S
'057905147,'057905,CHARLES A GILL EL,DALLAS ISD,32.8442078,-96.6607208,"10910 Ferguson Rd, Dallas, TX 75228",'EE - 05,E,BRYAN ADAMS HIGH SCHOOL
'057905125,'057905,CASA VIEW EL,DALLAS ISD,32.8456841,-96.6753769,"2100 N Farola Dr, Dallas, TX 75228",'EE - 05,E,BRYAN ADAMS HIGH SCHOOL
'057905073,'057905,HENRY W LONGFELLOW CAREER EXPLORATION ACADEMY,DALLAS ISD,32.8482933,-96.8201675,"5314 Boaz St, Dallas, TX 75209",'06 - 08,M,Magnet
'057905153,'057905,VICTOR H HEXTER EL,DALLAS ISD,32.849232,-96.709579,"9720 Waterview Rd, Dallas, TX 75218",'PK - 05,E,BRYAN ADAMS HIGH SCHOOL
'057905203,'057905,DAN D ROGERS EL,DALLAS ISD,32.8520508,-96.7516861,"5314 Abrams Rd, Dallas, TX 75214",'EE - 05,E,HILLCREST H S
'057905228,'057905,SUDIE L WILLIAMS ELEMENTARY SCHOOL,DALLAS ISD,32.8549576,-96.8312378,"4518 Pomona Rd, Dallas, TX 75209",'PK - 05,E,THOMAS JEFFERSON H S
'057905050,'057905,ROBERT T HILL MIDDLE,DALLAS ISD,32.8554459,-96.7041626,"505 Easton Rd, Dallas, TX 75218",'06 - 08,M,BRYAN ADAMS HIGH SCHOOL
'057905159,'057905,L L HOTCHKISS EL,DALLAS ISD,32.8586617,-96.7404938,"6929 Town North Dr, Dallas, TX 75231",'PK - 05,E,EMMETT J CONRAD H S
'057905271,'057905,JULIAN T SALDIVAR ELEMENTARY SCHOOL,DALLAS ISD,32.8649559,-96.8730011,"9510 Brockbank Dr, Dallas, TX 75220",'PK - 05,E,THOMAS JEFFERSON H S
'057905141,'057905,JILL STONE EL AT VICKERY MEADOW,DALLAS ISD,32.865509,-96.7494965,"6606 Ridgecrest Rd, Dallas, TX 75231",'PK - 05,E,EMMETT J CONRAD H S
'057905145,'057905,STEPHEN C FOSTER EL,DALLAS ISD,32.869976,-96.8544998,"3700 Clover Ln, Dallas, TX 75220",'EE - 05,E,THOMAS JEFFERSON H S
'057905284,'057905,HIGHLAND MEADOWS EL,DALLAS ISD,32.87059,-96.687859,"8939 Whitewing Ln, Dallas, TX 75238",'EE - 05,E,EMMETT J CONRAD H S
'057905083,'057905,SAM TASBY MIDDLE,DALLAS ISD,32.8729172,-96.7600098,"7001 Fair Oaks Ave, Dallas, TX 75231",'06 - 08,M,EMMETT J CONRAD H S
'057905176,'057905,JACK LOWE SR EL,DALLAS ISD,32.8730719,-96.7620112,"7000 Holly Hill Dr, Dallas, TX 75231",'EE - 05,E,EMMETT J CONRAD H S
'057905079,'057905,FRANCISCO MEDRANO MIDDLE,DALLAS ISD,32.8733902,-96.8763962,"9815 Brockbank Dr, Dallas, TX 75220",'06 - 08,M,THOMAS JEFFERSON H S
'057905028,'057905,EMMETT J CONRAD H S,DALLAS ISD,32.8763809,-96.7519073,"7502 Fair Oaks Ave, Dallas, TX 75231",'09 - 12,S,#N/A
'057905116,'057905,DAVID G BURNET EL,DALLAS ISD,32.8764572,-96.869194,"3200 Kinkaid Dr, Dallas, TX 75220",'PK - 05,E,THOMAS JEFFERSON H S
'057905278,'057905,LEONIDES GONZALEZ CIGARROA MD EL,DALLAS ISD,32.8800278,-96.8647766,"9990 Webb Chapel Rd, Dallas, TX 75220",'PK - 05,E,THOMAS JEFFERSON H S
'057905195,'057905,PRESTON HOLLOW EL,DALLAS ISD,32.8805962,-96.794838,"6423 Walnut Hill Ln, Dallas, TX 75230",'PK - 05,E,HILLCREST H S
'057905007,'057905,THOMAS JEFFERSON H S,DALLAS ISD,32.8819046,-96.8449478,"4001 Walnut Hill Ln, Dallas, TX 75229",'09 - 12,S,#N/A
'057905224,'057905,WALNUT HILL EL,DALLAS ISD,32.8828697,-96.839592,"10115 Midway Rd, Dallas, TX 75229",'PK - 05,E,THOMAS JEFFERSON H S
'057905006,'057905,HILLCREST H S,DALLAS ISD,32.8831825,-96.7846222,"9924 Hillcrest Rd, Dallas, TX 75230",'09 - 12,S,#N/A
'057905047,'057905,BENJAMIN FRANKLIN MIDDLE,DALLAS ISD,32.885571,-96.784546,"6920 Meadow Rd, Dallas, TX 75230",'06 - 08,M,HILLCREST H S
'057905193,'057905,JOHN J PERSHING EL,DALLAS ISD,32.8875961,-96.8098297,"5715 Meaders Ln, Dallas, TX 75229",'EE - 05,E,HILLCREST H S
'057905286,'057905,LEE A MCSHAN JR EL,DALLAS ISD,32.8881874,-96.7610779,"8307 Meadow Rd, Dallas, TX 75231",'EE - 05,E,EMMETT J CONRAD H S
'057905120,'057905,F P CAILLET EL,DALLAS ISD,32.8887291,-96.8745041,"3033 Merrell Rd, Dallas, TX 75229",'EE - 05,E,W T WHITE HIGH SCHOOL
'057905075,'057905,GEORGE BANNERMAN DEALEY INTERNATIONAL ACADEMY,DALLAS ISD,32.8957558,-96.7917862,"6501 Royal Ln, Dallas, TX 75230",'07 - 08,M,Magnet
'057905134,'057905,GEORGE BANNERMAN DEALEY MONTESSORI VANGUARD,DALLAS ISD,32.8957558,-96.7917862,"6501 Royal Ln, Dallas, TX 75230",'PK - 06,E,Magnet
'057905144,'057905,TOM W FIELD EL,DALLAS ISD,32.8964386,-96.905983,"2151 Royal Ln, Dallas, TX 75229",'PK - 05,E,THOMAS JEFFERSON H S
'057905169,'057905,ARTHUR KRAMER EL SCHOOL,DALLAS ISD,32.9022179,-96.7832718,"7131 Midbury Dr, Dallas, TX 75230",'PK - 05,E,HILLCREST H S
'057905230,'057905,HARRY C WITHERS EL,DALLAS ISD,32.903244,-96.845901,"3959 Northaven Rd, Dallas, TX 75229",'EE - 05,E,W T WHITE HIGH SCHOOL
'057905182,'057905,HERBERT MARCUS EL,DALLAS ISD,32.9046364,-96.8793793,"2911 Northaven Rd, Dallas, TX 75229",'PK - 05,E,W T WHITE HIGH SCHOOL
'057905054,'057905,THOMAS C MARSH MIDDLE,DALLAS ISD,32.911335,-96.8501053,"3838 Crown Shore Dr, Dallas, TX 75244",'06 - 08,M,W T WHITE HIGH SCHOOL
'057905021,'057905,W T WHITE H S,DALLAS ISD,32.9168587,-96.8316727,"4505 Ridgeside Dr, Dallas, TX 75244",'09 - 12,S,#N/A
'057905148,'057905,TOM C GOOCH EL,DALLAS ISD,32.9170189,-96.8451996,"4030 Calculus Rd, Dallas, TX 75244",'PK - 05,E,W T WHITE HIGH SCHOOL
'057905056,'057905,EWELL D WALKER MIDDLE,DALLAS ISD,32.9193916,-96.809845,"12532 Nuestra Dr, Dallas, TX 75230",'06 - 08,M,W T WHITE HIGH SCHOOL
'057905233,'057905,NATHAN ADAMS EL,DALLAS ISD,32.9215971,-96.8294352,"12600 S Welch Rd, Dallas, TX 75244",'PK - 05,E,W T WHITE HIGH SCHOOL
'057905119,'057905,WILLIAM L CABELL EL,DALLAS ISD,32.9220657,-96.8650513,"12701 Templeton Trail, Dallas, TX 75234",'PK - 05,E,W T WHITE HIGH SCHOOL
'057905304,'057905,GEORGE HERBERT WALKER BUSH EL,DALLAS ISD,32.9399856,-96.8486928,"3939 Spring Valley Rd, Addison, TX 75001",'EE - 05,E,W T WHITE HIGH SCHOOL
'057905280,'057905,ANNE FRANK EL,DALLAS ISD,32.9477577,-96.8179245,"5201 Celestial Rd, Dallas, TX 75254",'EE - 05,E,HILLCREST H S
'057905279,'057905,JERRY R JUNKINS EL,DALLAS ISD,32.973774,-96.8569489,"2808 Running Duke Dr, Carrollton, TX 75006",'EE - 05,E,W T WHITE HIGH SCHOOL
'057905036,'057905,SCHOOL OF HEALTH PROFESSIONS,DALLAS ISD,32.752452,-96.806708,"1201 E EIGHTH ST, DALLAS, TX, 75203-2545",'09 - 12,S,#N/A
'057905205,'057905,CLINTON P RUSSELL EL,DALLAS ISD,32.708779,-96.823906,"3031 S BECKLEY AVE, DALLAS, TX, 75224-3501",'PK - 05,E,SOUTH OAK CLIFF H S
'057905044,'057905,EDWARD H CARY MIDDLE,DALLAS ISD,32.883191,-96.847778,"3978 KILLION DR, DALLAS, TX, 75229-6124",'06 - 08,M,THOMAS JEFFERSON H S
'057905135,'057905,EVERETTE LEE DEGOLYER EL,DALLAS ISD,32.903839,-96.860878,"3453 FLAIR DR, DALLAS, TX, 75229-2603",'PK - 05,E,W T WHITE HIGH SCHOOL
'057905240,'057905,FRANK GUZICK EL,DALLAS ISD,32.784965,-96.69192,"5000 BERRIDGE LN, DALLAS, TX, 75227",'EE - 05,E,SKYLINE HIGH SCHOOL
'057905198,'057905,MARTHA TURNER REILLY EL,DALLAS ISD,32.855373,-96.688208,"11230 LIPPITT AVE, DALLAS, TX, 75218-1952",'PK - 05,E,BRYAN ADAMS HIGH SCHOOL
'057905170,'057905,RICHARD LAGOW EL,DALLAS ISD,32.70245,-96.636398,"637 EDGEWORTH DR, DALLAS, TX, 75217-8108",'PK - 05,E,H GRADY SPRUCE H S
'057905303,'057905,THELMA ELIZABETH PAGE RICHARDSON EL,DALLAS ISD,32.750846,-96.695085,"7203 BURTON RD, DALLAS, TX, 75217",'PK - 05,E,#N/A
'057905055,'057905,THOMAS J RUSK MIDDLE,DALLAS ISD,32.824977,-96.833487,"2929 INWOOD RD, DALLAS, TX, 75235-7517",'06 - 08,M,NORTH DALLAS HIGH SCHOOL
'057905185,'057905,WILLIAM B MILLER ELEMENTARY SCHOOL,DALLAS ISD,32.718961,-96.780283,"3111 BONNIE VIEW RD, DALLAS, TX, 75216-3494",'PK - 05,E,FRANKLIN D ROOSEVELT HIGH SCHOOL
'057905042,'057905,WILLIAM HAWLEY ATWELL LAW ACADEMY,DALLAS ISD,32.676942,-96.843229,"1303 REYNOLDSTON LN, DALLAS, TX, 75232-2409",'06 - 08,M,DAVID W CARTER HIGH SCHOOL
'057905100,'057905,ZAN WESLEY HOLMES JR MIDDLE,DALLAS ISD,32.711739,-96.866457,"2939 ST RITA DR, DALLAS, TX, 75233",'06 - 08,M,JUSTIN F KIMBALL HIGH SCHOOL
